[
  {
    "icon": "fa fa-home",
    "slug": "external",
    "title": "Volver al inicio",
    "path": "index.html"
  },  
  { 
    "id": 1,
    "icon": "fa fa-file-text",
    "slug": "representacion_datos",
    "title": "1. Representación de datos gráficamente  ",
    "breadcrumb": ["Inicio","Representación datos gráficamente  "],
    "path": "pages/tema-1.html",    
    "submenu": [
      {
        "icon": "fa fa-file-text",
        "slug": "representacion_datos",
        "title": "1.1 Gráfico de barras",
        "anchor": "tema1_1"
      },
      {
        "icon": "fa fa-file-text",
        "slug": "representacion_datos",
        "title": "1.2 Gráfico circular",
        "anchor": "tema1_2"
      },
      {
        "icon": "fa fa-file-text",
        "slug": "representacion_datos",
        "title": "1.3 Histogramas",
        "anchor": "tema1_3"
      },
      {
        "icon": "fa fa-file-text",
        "slug": "representacion_datos",
        "title": "1.4 Gráficos de líneas",
        "anchor": "tema1_4"
      }
    ]
  } 
]